student_id,course_code,classes_held,classes_attended
S1001,CS401,50,46
S1001,CS402,48,42
S1001,CS403,45,40
S1001,CS404,44,38
S1001,CS405,42,36
S1002,CS401,50,49
S1002,CS402,48,46
S1002,CS403,45,44
S1002,CS404,44,42
S1002,CS405,42,40
S1003,CS401,50,41
S1003,CS402,48,38
S1003,CS403,45,36
S1003,CS404,44,35
S1003,CS405,42,34
S1004,CS401,50,47
S1004,CS402,48,44
S1004,CS403,45,43
S1004,CS404,44,41
S1004,CS405,42,39
S1005,CS401,50,36
S1005,CS402,48,34
S1005,CS403,45,32
S1005,CS404,44,31
S1005,CS405,42,30
S1006,CS401,50,50
S1006,CS402,48,47
S1006,CS403,45,44
S1006,CS404,44,43
S1006,CS405,42,41
S1007,CS401,50,43
S1007,CS402,48,40
S1007,CS403,45,38
S1007,CS404,44,37
S1007,CS405,42,35
S1008,CS401,50,48
S1008,CS402,48,45
S1008,CS403,45,42
S1008,CS404,44,41
S1008,CS405,42,40
S1009,CS401,50,45
S1009,CS402,48,43
S1009,CS403,45,41
S1009,CS404,44,39
S1009,CS405,42,37
S1010,CS401,50,39
S1010,CS402,48,37
S1010,CS403,45,35
S1010,CS404,44,34
S1010,CS405,42,33
S1011,CS301,50,45
S1011,CS302,48,43
S1011,CS303,50,44
S1011,CS304,45,41
S1011,CS305,42,38
S1012,CS301,50,48
S1012,CS302,48,46
S1012,CS303,50,47
S1012,CS304,45,43
S1012,CS305,42,40
S1013,CS301,50,42
S1013,CS302,48,39
S1013,CS303,50,40
S1013,CS304,45,37
S1013,CS305,42,35
S1014,CS301,50,47
S1014,CS302,48,44
S1014,CS303,50,46
S1014,CS304,45,42
S1014,CS305,42,39
S1015,CS301,50,35
S1015,CS302,48,33
S1015,CS303,50,34
S1015,CS304,45,31
S1015,CS305,42,29
S1016,CS301,50,49
S1016,CS302,48,46
S1016,CS303,50,48
S1016,CS304,45,44
S1016,CS305,42,41
S1017,CS301,50,44
S1017,CS302,48,41
S1017,CS303,50,43
S1017,CS304,45,40
S1017,CS305,42,37
S1018,CS301,50,46
S1018,CS302,48,44
S1018,CS303,50,45
S1018,CS304,45,42
S1018,CS305,42,39
S1019,CS301,50,38
S1019,CS302,48,36
S1019,CS303,50,37
S1019,CS304,45,34
S1019,CS305,42,32
S1020,CS301,50,48
S1020,CS302,48,45
S1020,CS303,50,47
S1020,CS304,45,43
S1020,CS305,42,40
S1021,IT401,40,30
S1021,IT402,40,32
S1021,IT403,40,29
S1021,IT404,40,36
S1021,IT405,40,38
S1022,IT401,40,26
S1022,IT402,40,25
S1022,IT403,40,36
S1022,IT404,40,34
S1022,IT405,40,35
S1023,IT401,40,36
S1023,IT402,40,35
S1023,IT403,40,38
S1023,IT404,40,34
S1023,IT405,40,37
S1024,IT401,40,37
S1024,IT402,40,36
S1024,IT403,40,38
S1024,IT404,40,35
S1024,IT405,40,39
S1025,IT401,40,33
S1025,IT402,40,34
S1025,IT403,40,31
S1025,IT404,40,35
S1025,IT405,40,36
S1026,IT401,40,38
S1026,IT402,40,37
S1026,IT403,40,39
S1026,IT404,40,36
S1026,IT405,40,35
S1027,IT301,40,36
S1027,IT302,40,37
S1027,IT303,40,38
S1027,IT304,40,35
S1027,IT305,40,39
S1028,IT301,40,33
S1028,IT302,40,34
S1028,IT303,40,35
S1028,IT304,40,30
S1028,IT305,40,32
S1029,IT301,40,31
S1029,IT302,40,29
S1029,IT303,40,32
S1029,IT304,40,30
S1029,IT305,40,28
S1030,IT301,40,39
S1030,IT302,40,38
S1030,IT303,40,40
S1030,IT304,40,37
S1030,IT305,40,39
S1031,IT301,40,27
S1031,IT302,40,26
S1031,IT303,40,28
S1031,IT304,40,29
S1031,IT305,40,27
S1032,IT301,40,35
S1032,IT302,40,36
S1032,IT303,40,34
S1032,IT304,40,31
S1032,IT305,40,37
S1033,CS201,40,32
S1033,CS202,40,34
S1033,MA201,40,36
S1034,CS201,40,31
S1034,CS202,40,30
S1034,MA201,40,35
S1035,CS201,40,28
S1035,CS202,40,27
S1035,MA201,40,33
S1036,CS201,40,38
S1036,CS202,40,39
S1036,MA201,40,37
S1037,MT301,40,32
S1037,MT302,40,33
S1037,MT303,40,36
S1038,MT301,40,31
S1038,MT302,40,34
S1038,MT303,40,35
S1039,MT301,40,26
S1039,MT302,40,25
S1039,MT303,40,32
S1040,MT301,40,34
S1040,MT302,40,36
S1040,MT303,40,37
S1041,CS301,50,35
S1041,CS302,48,34
S1041,CS303,50,35
S1041,CS304,45,31
S1041,CS305,42,29
