student_id,course_code,exam_session,exam_type,internal_marks,external_marks,total_marks,max_marks,result
S1001,CS401,2026-MAY,REGULAR,28.0,52.0,80.0,100.0,PASS
S1001,CS402,2026-MAY,REGULAR,27.0,48.0,75.0,100.0,PASS
S1001,CS403,2026-MAY,REGULAR,25.0,51.0,76.0,100.0,PASS
S1001,CS404,2026-MAY,REGULAR,26.0,47.0,73.0,100.0,PASS
S1001,CS405,2026-MAY,REGULAR,24.0,49.0,73.0,100.0,PASS
S1002,CS401,2026-MAY,REGULAR,30.0,60.0,90.0,100.0,PASS
S1002,CS402,2026-MAY,REGULAR,29.0,58.0,87.0,100.0,PASS
S1002,CS403,2026-MAY,REGULAR,28.0,57.0,85.0,100.0,PASS
S1002,CS404,2026-MAY,REGULAR,27.0,56.0,83.0,100.0,PASS
S1002,CS405,2026-MAY,REGULAR,26.0,55.0,81.0,100.0,PASS
S1003,CS401,2026-MAY,REGULAR,25.0,42.0,67.0,100.0,PASS
S1003,CS402,2026-MAY,REGULAR,22.0,31.0,53.0,100.0,PASS
S1003,CS403,2026-MAY,REGULAR,18.0,20.0,38.0,100.0,FAIL
S1003,CS404,2026-MAY,REGULAR,23.0,36.0,59.0,100.0,PASS
S1003,CS405,2026-MAY,REGULAR,21.0,35.0,56.0,100.0,PASS
S1004,CS401,2026-MAY,REGULAR,29.0,56.0,85.0,100.0,PASS
S1004,CS402,2026-MAY,REGULAR,28.0,54.0,82.0,100.0,PASS
S1004,CS403,2026-MAY,REGULAR,27.0,55.0,82.0,100.0,PASS
S1004,CS404,2026-MAY,REGULAR,26.0,51.0,77.0,100.0,PASS
S1004,CS405,2026-MAY,REGULAR,25.0,50.0,75.0,100.0,PASS
S1005,CS401,2026-MAY,REGULAR,21.0,29.0,50.0,100.0,PASS
S1005,CS402,2026-MAY,REGULAR,18.0,23.0,41.0,100.0,FAIL
S1005,CS403,2026-MAY,REGULAR,17.0,21.0,38.0,100.0,FAIL
S1005,CS404,2026-MAY,REGULAR,20.0,23.0,43.0,100.0,FAIL
S1005,CS405,2026-MAY,REGULAR,19.0,23.0,42.0,100.0,FAIL
S1005,CS402,2026-JUL,SUPPLEMENTARY,22.0,38.0,60.0,100.0,PASS
S1005,CS403,2026-JUL,SUPPLEMENTARY,23.0,37.0,60.0,100.0,PASS
S1006,CS401,2026-MAY,REGULAR,32.0,62.0,94.0,100.0,PASS
S1006,CS402,2026-MAY,REGULAR,31.0,60.0,91.0,100.0,PASS
S1006,CS403,2026-MAY,REGULAR,29.0,61.0,90.0,100.0,PASS
S1006,CS404,2026-MAY,REGULAR,28.0,59.0,87.0,100.0,PASS
S1006,CS405,2026-MAY,REGULAR,27.0,58.0,85.0,100.0,PASS
S1007,CS401,2026-MAY,REGULAR,24.0,45.0,69.0,100.0,PASS
S1007,CS402,2026-MAY,REGULAR,22.0,39.0,61.0,100.0,PASS
S1007,CS403,2026-MAY,REGULAR,20.0,31.0,51.0,100.0,PASS
S1007,CS404,2026-MAY,REGULAR,19.0,23.0,42.0,100.0,FAIL
S1007,CS405,2026-MAY,REGULAR,22.0,34.0,56.0,100.0,PASS
S1008,CS401,2026-MAY,REGULAR,30.0,57.0,87.0,100.0,PASS
S1008,CS402,2026-MAY,REGULAR,29.0,55.0,84.0,100.0,PASS
S1008,CS403,2026-MAY,REGULAR,27.0,54.0,81.0,100.0,PASS
S1008,CS404,2026-MAY,REGULAR,26.0,53.0,79.0,100.0,PASS
S1008,CS405,2026-MAY,REGULAR,25.0,51.0,76.0,100.0,PASS
S1009,CS401,2026-MAY,REGULAR,27.0,51.0,78.0,100.0,PASS
S1009,CS402,2026-MAY,REGULAR,25.0,48.0,73.0,100.0,PASS
S1009,CS403,2026-MAY,REGULAR,24.0,46.0,70.0,100.0,PASS
S1009,CS404,2026-MAY,REGULAR,23.0,44.0,67.0,100.0,PASS
S1009,CS405,2026-MAY,REGULAR,22.0,43.0,65.0,100.0,PASS
S1010,CS401,2026-MAY,REGULAR,23.0,42.0,65.0,100.0,PASS
S1010,CS402,2026-MAY,REGULAR,21.0,35.0,56.0,100.0,PASS
S1010,CS403,2026-MAY,REGULAR,20.0,23.0,43.0,100.0,FAIL
S1010,CS404,2026-MAY,REGULAR,19.0,34.0,53.0,100.0,PASS
S1010,CS405,2026-MAY,REGULAR,18.0,35.0,53.0,100.0,PASS
S1011,CS301,2026-MAY,REGULAR,27.0,50.0,77.0,100.0,PASS
S1011,CS302,2026-MAY,REGULAR,26.0,48.0,74.0,100.0,PASS
S1011,CS303,2026-MAY,REGULAR,25.0,49.0,74.0,100.0,PASS
S1011,CS304,2026-MAY,REGULAR,26.0,47.0,73.0,100.0,PASS
S1011,CS305,2026-MAY,REGULAR,24.0,46.0,70.0,100.0,PASS
S1012,CS301,2026-MAY,REGULAR,31.0,59.0,90.0,100.0,PASS
S1012,CS302,2026-MAY,REGULAR,30.0,58.0,88.0,100.0,PASS
S1012,CS303,2026-MAY,REGULAR,29.0,57.0,86.0,100.0,PASS
S1012,CS304,2026-MAY,REGULAR,28.0,55.0,83.0,100.0,PASS
S1012,CS305,2026-MAY,REGULAR,27.0,54.0,81.0,100.0,PASS
S1013,CS301,2026-MAY,REGULAR,23.0,42.0,65.0,100.0,PASS
S1013,CS302,2026-MAY,REGULAR,20.0,31.0,51.0,100.0,PASS
S1013,CS303,2026-MAY,REGULAR,18.0,23.0,41.0,100.0,FAIL
S1013,CS304,2026-MAY,REGULAR,21.0,35.0,56.0,100.0,PASS
S1013,CS305,2026-MAY,REGULAR,20.0,32.0,52.0,100.0,PASS
S1014,CS301,2026-MAY,REGULAR,29.0,55.0,84.0,100.0,PASS
S1014,CS302,2026-MAY,REGULAR,28.0,53.0,81.0,100.0,PASS
S1014,CS303,2026-MAY,REGULAR,27.0,54.0,81.0,100.0,PASS
S1014,CS304,2026-MAY,REGULAR,26.0,52.0,78.0,100.0,PASS
S1014,CS305,2026-MAY,REGULAR,25.0,50.0,75.0,100.0,PASS
S1015,CS301,2026-MAY,REGULAR,18.0,23.0,41.0,100.0,FAIL
S1015,CS302,2026-MAY,REGULAR,17.0,23.0,40.0,100.0,FAIL
S1015,CS303,2026-MAY,REGULAR,18.0,23.0,41.0,100.0,FAIL
S1015,CS304,2026-MAY,REGULAR,19.0,23.0,42.0,100.0,FAIL
S1015,CS305,2026-MAY,REGULAR,20.0,31.0,51.0,100.0,PASS
S1015,CS301,2026-JUL,SUPPLEMENTARY,22.0,31.0,53.0,100.0,PASS
S1015,CS302,2026-JUL,SUPPLEMENTARY,21.0,32.0,53.0,100.0,PASS
S1016,CS301,2026-MAY,REGULAR,32.0,61.0,93.0,100.0,PASS
S1016,CS302,2026-MAY,REGULAR,31.0,60.0,91.0,100.0,PASS
S1016,CS303,2026-MAY,REGULAR,30.0,59.0,89.0,100.0,PASS
S1016,CS304,2026-MAY,REGULAR,29.0,57.0,86.0,100.0,PASS
S1016,CS305,2026-MAY,REGULAR,28.0,56.0,84.0,100.0,PASS
S1017,CS301,2026-MAY,REGULAR,26.0,47.0,73.0,100.0,PASS
S1017,CS302,2026-MAY,REGULAR,24.0,43.0,67.0,100.0,PASS
S1017,CS303,2026-MAY,REGULAR,23.0,44.0,67.0,100.0,PASS
S1017,CS304,2026-MAY,REGULAR,22.0,41.0,63.0,100.0,PASS
S1017,CS305,2026-MAY,REGULAR,21.0,39.0,60.0,100.0,PASS
S1018,CS301,2026-MAY,REGULAR,28.0,54.0,82.0,100.0,PASS
S1018,CS302,2026-MAY,REGULAR,27.0,52.0,79.0,100.0,PASS
S1018,CS303,2026-MAY,REGULAR,26.0,51.0,77.0,100.0,PASS
S1018,CS304,2026-MAY,REGULAR,25.0,50.0,75.0,100.0,PASS
S1018,CS305,2026-MAY,REGULAR,24.0,48.0,72.0,100.0,PASS
S1019,CS301,2026-MAY,REGULAR,21.0,35.0,56.0,100.0,PASS
S1019,CS302,2026-MAY,REGULAR,19.0,23.0,42.0,100.0,FAIL
S1019,CS303,2026-MAY,REGULAR,20.0,34.0,54.0,100.0,PASS
S1019,CS304,2026-MAY,REGULAR,18.0,23.0,41.0,100.0,FAIL
S1019,CS305,2026-MAY,REGULAR,21.0,32.0,53.0,100.0,PASS
S1019,CS304,2026-JUL,SUPPLEMENTARY,21.0,31.0,52.0,100.0,PASS
S1020,CS301,2026-MAY,REGULAR,31.0,59.0,90.0,100.0,PASS
S1020,CS302,2026-MAY,REGULAR,30.0,57.0,87.0,100.0,PASS
S1020,CS303,2026-MAY,REGULAR,29.0,58.0,87.0,100.0,PASS
S1020,CS304,2026-MAY,REGULAR,28.0,55.0,83.0,100.0,PASS
S1020,CS305,2026-MAY,REGULAR,27.0,53.0,80.0,100.0,PASS
S1021,IT401,2026-MAY,REGULAR,24.0,46.0,70.0,100.0,PASS
S1021,IT402,2026-MAY,REGULAR,25.0,47.0,72.0,100.0,PASS
S1021,IT403,2026-MAY,REGULAR,22.0,40.0,62.0,100.0,PASS
S1021,IT404,2026-MAY,REGULAR,27.0,52.0,79.0,100.0,PASS
S1021,IT405,2026-MAY,REGULAR,28.0,55.0,83.0,100.0,PASS
S1022,IT401,2026-MAY,REGULAR,18.0,34.0,52.0,100.0,PASS
S1022,IT402,2026-MAY,REGULAR,0.0,0.0,0.0,100.0,DETAINED
S1022,IT403,2026-MAY,REGULAR,23.0,38.0,61.0,100.0,PASS
S1022,IT404,2026-MAY,REGULAR,21.0,36.0,57.0,100.0,PASS
S1022,IT405,2026-MAY,REGULAR,22.0,35.0,57.0,100.0,PASS
S1023,IT401,2026-MAY,REGULAR,26.0,50.0,76.0,100.0,PASS
S1023,IT402,2026-MAY,REGULAR,0.0,0.0,0.0,100.0,ABSENT
S1023,IT403,2026-MAY,REGULAR,25.0,47.0,72.0,100.0,PASS
S1023,IT404,2026-MAY,REGULAR,24.0,45.0,69.0,100.0,PASS
S1023,IT405,2026-MAY,REGULAR,23.0,44.0,67.0,100.0,PASS
S1024,IT401,2026-MAY,REGULAR,16.0,24.0,40.0,100.0,PASS
S1024,IT402,2026-MAY,REGULAR,20.0,40.0,60.0,100.0,PASS
S1024,IT403,2026-MAY,REGULAR,22.0,41.0,63.0,100.0,PASS
S1024,IT404,2026-MAY,REGULAR,21.0,38.0,59.0,100.0,PASS
S1024,IT405,2026-MAY,REGULAR,23.0,42.0,65.0,100.0,PASS
S1025,IT401,2026-MAY,REGULAR,9.0,30.0,39.0,100.0,FAIL
S1025,IT402,2026-MAY,REGULAR,17.0,23.0,40.0,100.0,FAIL
S1025,IT403,2026-MAY,REGULAR,12.0,22.0,34.0,100.0,FAIL
S1025,IT404,2026-MAY,REGULAR,20.0,34.0,54.0,100.0,PASS
S1025,IT405,2026-MAY,REGULAR,19.0,36.0,55.0,100.0,PASS
S1026,IT401,2026-MAY,REGULAR,25.0,45.0,70.0,100.0,PASS
S1026,IT402,2026-MAY,REGULAR,24.0,44.0,68.0,100.0,PASS
S1026,IT403,2026-MAY,REGULAR,23.0,43.0,66.0,100.0,PASS
S1026,IT404,2026-MAY,REGULAR,22.0,41.0,63.0,100.0,PASS
S1026,IT405,2026-MAY,REGULAR,17.0,23.0,40.0,100.0,FAIL
S1026,IT405,2026-JUL,SUPPLEMENTARY,20.0,32.0,52.0,100.0,PASS
S1027,IT301,2026-MAY,REGULAR,27.0,50.0,77.0,100.0,PASS
S1027,IT302,2026-MAY,REGULAR,28.0,51.0,79.0,100.0,PASS
S1027,IT303,2026-MAY,REGULAR,26.0,48.0,74.0,100.0,PASS
S1027,IT304,2026-MAY,REGULAR,25.0,47.0,72.0,100.0,PASS
S1027,IT305,2026-MAY,REGULAR,29.0,53.0,82.0,100.0,PASS
S1028,IT301,2026-MAY,REGULAR,24.0,44.0,68.0,100.0,PASS
S1028,IT302,2026-MAY,REGULAR,23.0,43.0,66.0,100.0,PASS
S1028,IT303,2026-MAY,REGULAR,25.0,45.0,70.0,100.0,PASS
S1028,IT304,2026-MAY,REGULAR,21.0,38.0,59.0,100.0,PASS
S1028,IT305,2026-MAY,REGULAR,22.0,40.0,62.0,100.0,PASS
S1029,IT301,2026-MAY,REGULAR,20.0,34.0,54.0,100.0,PASS
S1029,IT302,2026-MAY,REGULAR,16.0,23.0,39.0,100.0,FAIL
S1029,IT303,2026-MAY,REGULAR,21.0,36.0,57.0,100.0,PASS
S1029,IT304,2026-MAY,REGULAR,19.0,33.0,52.0,100.0,PASS
S1029,IT305,2026-MAY,REGULAR,18.0,31.0,49.0,100.0,PASS
S1030,IT301,2026-MAY,REGULAR,31.0,60.0,91.0,100.0,PASS
S1030,IT302,2026-MAY,REGULAR,30.0,58.0,88.0,100.0,PASS
S1030,IT303,2026-MAY,REGULAR,29.0,59.0,88.0,100.0,PASS
S1030,IT304,2026-MAY,REGULAR,28.0,56.0,84.0,100.0,PASS
S1030,IT305,2026-MAY,REGULAR,30.0,57.0,87.0,100.0,PASS
S1031,IT301,2026-MAY,REGULAR,17.0,23.0,40.0,100.0,FAIL
S1031,IT302,2026-MAY,REGULAR,18.0,31.0,49.0,100.0,PASS
S1031,IT303,2026-MAY,REGULAR,16.0,23.0,39.0,100.0,FAIL
S1031,IT304,2026-MAY,REGULAR,19.0,32.0,51.0,100.0,PASS
S1031,IT305,2026-MAY,REGULAR,20.0,33.0,53.0,100.0,PASS
S1032,IT301,2026-MAY,REGULAR,25.0,46.0,71.0,100.0,PASS
S1032,IT302,2026-MAY,REGULAR,24.0,44.0,68.0,100.0,PASS
S1032,IT303,2026-MAY,REGULAR,26.0,47.0,73.0,100.0,PASS
S1032,IT304,2026-MAY,REGULAR,23.0,42.0,65.0,100.0,PASS
S1032,IT305,2026-MAY,REGULAR,25.0,45.0,70.0,100.0,PASS
S1033,CS101,2025-DEC,REGULAR,27.0,50.0,77.0,100.0,PASS
S1033,MA101,2025-DEC,REGULAR,26.0,48.0,74.0,100.0,PASS
S1033,EC101,2025-DEC,REGULAR,25.0,45.0,70.0,100.0,PASS
S1034,CS101,2025-DEC,REGULAR,24.0,44.0,68.0,100.0,PASS
S1034,MA101,2025-DEC,REGULAR,23.0,42.0,65.0,100.0,PASS
S1034,EC101,2025-DEC,REGULAR,22.0,40.0,62.0,100.0,PASS
S1035,CS101,2025-DEC,REGULAR,22.0,38.0,60.0,100.0,PASS
S1035,MA101,2025-DEC,REGULAR,21.0,36.0,57.0,100.0,PASS
S1035,EC101,2025-DEC,REGULAR,16.0,20.0,36.0,100.0,FAIL
S1036,CS101,2025-DEC,REGULAR,31.0,60.0,91.0,100.0,PASS
S1036,MA101,2025-DEC,REGULAR,30.0,58.0,88.0,100.0,PASS
S1036,EC101,2025-DEC,REGULAR,29.0,57.0,86.0,100.0,PASS
S1037,MT201,2026-MAY,REGULAR,26.0,48.0,74.0,100.0,PASS
S1037,MT202,2026-MAY,REGULAR,25.0,45.0,70.0,100.0,PASS
S1037,MT203,2026-MAY,REGULAR,27.0,44.0,71.0,100.0,PASS
S1038,MT201,2026-MAY,REGULAR,24.0,42.0,66.0,100.0,PASS
S1038,MT202,2026-MAY,REGULAR,23.0,40.0,63.0,100.0,PASS
S1038,MT203,2026-MAY,REGULAR,25.0,46.0,71.0,100.0,PASS
S1039,MT201,2026-MAY,REGULAR,20.0,30.0,50.0,100.0,PASS
S1039,MT202,2026-MAY,REGULAR,19.0,31.0,50.0,100.0,PASS
S1039,MT203,2026-MAY,REGULAR,22.0,40.0,62.0,100.0,PASS
S1040,MT201,2026-MAY,REGULAR,24.0,29.0,53.0,100.0,FAIL
S1040,MT202,2026-MAY,REGULAR,18.0,31.0,49.0,100.0,FAIL
S1040,MT203,2026-MAY,REGULAR,26.0,42.0,68.0,100.0,PASS
S1041,CS301,2026-MAY,REGULAR,14.0,20.0,34.0,100.0,FAIL
S1041,CS302,2026-MAY,REGULAR,15.0,18.0,33.0,100.0,FAIL
S1041,CS303,2026-MAY,REGULAR,13.0,22.0,35.0,100.0,FAIL
S1041,CS304,2026-MAY,REGULAR,16.0,19.0,35.0,100.0,FAIL
S1041,CS305,2026-MAY,REGULAR,12.0,21.0,33.0,100.0,FAIL
