student_id,full_name,programme,batch_year,current_semester,cgpa,active_backlogs
S1001,Aarav Sharma,B.Tech CSE,2023,7,8.42,0
S1002,Ananya Verma,B.Tech CSE,2023,7,9.12,0
S1003,Arjun Mehta,B.Tech CSE,2023,7,7.68,1
S1004,Diya Kapoor,B.Tech CSE,2023,7,8.85,0
S1005,Ishaan Gupta,B.Tech CSE,2023,7,6.94,2
S1006,Kavya Malhotra,B.Tech CSE,2023,7,9.34,0
S1007,Rohan Bansal,B.Tech CSE,2023,7,7.21,1
S1008,Meera Joshi,B.Tech CSE,2023,7,8.67,0
S1009,Aditya Nair,B.Tech CSE,2023,7,7.83,0
S1010,Simran Chawla,B.Tech CSE,2023,7,8.19,1
S1011,Vivaan Singh,B.Tech CSE,2024,5,8.03,0
S1012,Riya Agarwal,B.Tech CSE,2024,5,9.01,0
S1013,Kabir Khanna,B.Tech CSE,2024,5,7.45,1
S1014,Nisha Sethi,B.Tech CSE,2024,5,8.76,0
S1015,Yash Thakur,B.Tech CSE,2024,5,6.81,2
S1016,Aditi Rao,B.Tech CSE,2024,5,9.27,0
S1017,Dev Patel,B.Tech CSE,2024,5,7.92,0
S1018,Sanya Arora,B.Tech CSE,2024,5,8.48,0
S1019,Manav Tandon,B.Tech CSE,2024,5,7.14,1
S1020,Ira Mukherjee,B.Tech CSE,2024,5,8.91,0
S1021,Pranav Reddy,B.Tech IT,2023,7,8.1,0
S1022,Tara Bhatt,B.Tech IT,2023,7,6.35,1
S1023,Veer Anand,B.Tech IT,2023,7,7.4,1
S1024,Naina Kulkarni,B.Tech IT,2023,7,6.0,0
S1025,Dhruv Saxena,B.Tech IT,2023,7,5.0,3
S1026,Ishani Pillai,B.Tech IT,2023,7,6.5,0
S1027,Aryan Deshmukh,B.Tech IT,2024,5,8.55,0
S1028,Zoya Khan,B.Tech IT,2024,5,7.8,0
S1029,Reyansh Iyer,B.Tech IT,2024,5,7.1,1
S1030,Mahi Chopra,B.Tech IT,2024,5,9.2,0
S1031,Samar Bedi,B.Tech IT,2024,5,6.9,2
S1032,Lavanya Shetty,B.Tech IT,2024,5,7.65,0
S1033,Arnav Khurana,B.Tech CSE,2025,3,8.2,0
S1034,Kiara Bajaj,B.Tech CSE,2025,3,7.7,0
S1035,Rudra Pratap,B.Tech CSE,2025,3,6.9,1
S1036,Sia Menon,B.Tech CSE,2025,3,9.05,0
S1037,Nikhil Rastogi,M.Tech CSE,2025,3,8.3,0
S1038,Aisha Qureshi,M.Tech CSE,2025,3,7.6,0
S1039,Tanmay Joshi,M.Tech CSE,2025,3,6.5,0
S1040,Gauri Mishra,M.Tech CSE,2025,3,7.0,2
S1041,Parth Wadhwa,B.Tech CSE,2024,5,5.6,5
